iter,n_resources,mean_fit_time,std_fit_time,mean_score_time,std_score_time,param_colsample_bytree,param_learning_rate,param_max_depth,param_min_child_samples,param_n_estimators,param_num_leaves,param_reg_alpha,param_reg_lambda,param_scale_pos_weight,param_subsample,param_subsample_freq,params,split0_test_score,split1_test_score,split2_test_score,split3_test_score,split4_test_score,mean_test_score,std_test_score,rank_test_score,split0_train_score,split1_train_score,split2_train_score,split3_train_score,split4_train_score,mean_train_score,std_train_score
3,220914,32.708517932891844,0.5908074927938578,9.976989603042602,0.1763376769367627,0.7312610669898928,0.04100832334554884,8,26,10000,72,0.8604046183116753,1.2507540815475922,1.611336989409985,0.9290402242638633,1,"{'colsample_bytree': np.float64(0.7312610669898928), 'learning_rate': np.float64(0.04100832334554884), 'max_depth': 8, 'min_child_samples': 26, 'n_estimators': 10000, 'num_leaves': 72, 'reg_alpha': np.float64(0.8604046183116753), 'reg_lambda': np.float64(1.2507540815475922), 'scale_pos_weight': np.float64(1.611336989409985), 'subsample': np.float64(0.9290402242638633), 'subsample_freq': 1}",0.9374104117698121,0.9393161561293597,0.9384212428225092,0.9386274824677623,0.93681327310598,0.9381177132590846,0.0008933196141427305,1,0.9999940136244524,0.9999940136580082,0.9999880270811078,0.9999880271482295,0.9999940136580082,0.9999916190339613,2.932789821451763e-06
3,220914,45.64150972366333,2.3185104140868824,13.155521154403687,1.0231847154753206,0.941203782186944,0.06888977841391714,7,36,10000,229,0.2684748568901568,1.9558396228289472,1.611336989409985,0.82272050498334,1,"{'colsample_bytree': np.float64(0.941203782186944), 'learning_rate': np.float64(0.06888977841391714), 'max_depth': 7, 'min_child_samples': 36, 'n_estimators': 10000, 'num_leaves': 229, 'reg_alpha': np.float64(0.2684748568901568), 'reg_lambda': np.float64(1.9558396228289472), 'scale_pos_weight': np.float64(1.611336989409985), 'subsample': np.float64(0.82272050498334), 'subsample_freq': 1}",0.9370618100810876,0.9384626624578314,0.9373807115978161,0.9389082740841832,0.9368836698149126,0.9377394256071663,0.0008011784847395186,2,0.9999940136244524,0.9999940136580082,0.9999880270811078,0.9999880271482295,0.9999940136580082,0.9999916190339613,2.932789821451763e-06
2,73638,23.016020441055296,0.08510106553447723,3.7143093585968017,0.05697556972027788,0.7312610669898928,0.04100832334554884,8,26,10000,72,0.8604046183116753,1.2507540815475922,1.611336989409985,0.9290402242638633,1,"{'colsample_bytree': np.float64(0.7312610669898928), 'learning_rate': np.float64(0.04100832334554884), 'max_depth': 8, 'min_child_samples': 26, 'n_estimators': 10000, 'num_leaves': 72, 'reg_alpha': np.float64(0.8604046183116753), 'reg_lambda': np.float64(1.2507540815475922), 'scale_pos_weight': np.float64(1.611336989409985), 'subsample': np.float64(0.9290402242638633), 'subsample_freq': 1}",0.9231525317757764,0.923463183959208,0.9249684525362829,0.9242866690658578,0.9231485272603195,0.9238038729194888,0.0007154201547262828,3,1.0,1.0,1.0,0.999982024016409,1.0,0.9999964048032819,7.190393436395936e-06
2,73638,23.889815521240234,0.2564746500298009,3.362115812301636,0.045799063566807664,0.941203782186944,0.06888977841391714,7,36,10000,229,0.2684748568901568,1.9558396228289472,1.611336989409985,0.82272050498334,1,"{'colsample_bytree': np.float64(0.941203782186944), 'learning_rate': np.float64(0.06888977841391714), 'max_depth': 7, 'min_child_samples': 36, 'n_estimators': 10000, 'num_leaves': 229, 'reg_alpha': np.float64(0.2684748568901568), 'reg_lambda': np.float64(1.9558396228289472), 'scale_pos_weight': np.float64(1.611336989409985), 'subsample': np.float64(0.82272050498334), 'subsample_freq': 1}",0.9233448242202171,0.9232708032406924,0.9239417962007226,0.9240630824829856,0.9222702247147232,0.9233781461718682,0.0006367043140818592,4,1.0,1.0,1.0,0.999982024016409,1.0,0.9999964048032819,7.190393436395936e-06
2,73638,17.080241394042968,0.2582673735296848,2.414207935333252,0.03982603903936611,0.6888431241882921,0.033973073466736566,6,28,10000,221,0.16829104217293056,1.1562926587192108,1.611336989409985,0.881207583558071,1,"{'colsample_bytree': np.float64(0.6888431241882921), 'learning_rate': np.float64(0.033973073466736566), 'max_depth': 6, 'min_child_samples': 28, 'n_estimators': 10000, 'num_leaves': 221, 'reg_alpha': np.float64(0.16829104217293056), 'reg_lambda': np.float64(1.1562926587192108), 'scale_pos_weight': np.float64(1.611336989409985), 'subsample': np.float64(0.881207583558071), 'subsample_freq': 1}",0.9236654617703091,0.9236084480958995,0.924361951672465,0.9228249150230916,0.9213032362335822,0.9231528025590695,0.0010450722203898825,5,1.0,1.0,1.0,0.999982024016409,1.0,0.9999964048032819,7.190393436395936e-06
2,73638,18.400546503067016,0.30125022712484806,2.3455610275268555,0.07011780564648516,0.9977829850443283,0.045185050535469076,6,37,10000,156,0.3253996981592677,2.7394742153540723,1.611336989409985,0.8976682092226249,1,"{'colsample_bytree': np.float64(0.9977829850443283), 'learning_rate': np.float64(0.045185050535469076), 'max_depth': 6, 'min_child_samples': 37, 'n_estimators': 10000, 'num_leaves': 156, 'reg_alpha': np.float64(0.3253996981592677), 'reg_lambda': np.float64(2.7394742153540723), 'scale_pos_weight': np.float64(1.611336989409985), 'subsample': np.float64(0.8976682092226249), 'subsample_freq': 1}",0.9233148480824807,0.9223553135658937,0.9245012596672135,0.9232520800903206,0.921090999188908,0.9229029001189634,0.0011339503548183768,6,1.0,1.0,1.0,0.999982024016409,1.0,0.9999964048032819,7.190393436395936e-06
2,73638,21.08815655708313,0.2840595885676486,3.5692843437194823,0.10429629986497621,0.6185801650879991,0.1315089703802877,7,77,10000,181,0.013264961159866528,3.3266052670545583,1.611336989409985,0.9233589392465844,1,"{'colsample_bytree': np.float64(0.6185801650879991), 'learning_rate': np.float64(0.1315089703802877), 'max_depth': 7, 'min_child_samples': 77, 'n_estimators': 10000, 'num_leaves': 181, 'reg_alpha': np.float64(0.013264961159866528), 'reg_lambda': np.float64(3.3266052670545583), 'scale_pos_weight': np.float64(1.611336989409985), 'subsample': np.float64(0.9233589392465844), 'subsample_freq': 1}",0.9220485503539807,0.9230085245478835,0.9239182578113618,0.9221151800213894,0.9206893756593411,0.9223559776787914,0.0010767166750889235,7,1.0,1.0,1.0,0.999982024016409,1.0,0.9999964048032819,7.190393436395936e-06
1,24546,9.845265197753907,0.21543240036093272,0.7661412239074707,0.009250728845669555,0.7312610669898928,0.04100832334554884,8,26,10000,72,0.8604046183116753,1.2507540815475922,1.611336989409985,0.9290402242638633,1,"{'colsample_bytree': np.float64(0.7312610669898928), 'learning_rate': np.float64(0.04100832334554884), 'max_depth': 8, 'min_child_samples': 26, 'n_estimators': 10000, 'num_leaves': 72, 'reg_alpha': np.float64(0.8604046183116753), 'reg_lambda': np.float64(1.2507540815475922), 'scale_pos_weight': np.float64(1.611336989409985), 'subsample': np.float64(0.9290402242638633), 'subsample_freq': 1}",0.912671562041656,0.9047803356848141,0.9043124688123753,0.9057416063194365,0.9035339965232774,0.9062079938763118,0.003309885671894317,8,1.0,1.0,1.0,0.9999460295799955,1.0,0.9999892059159989,2.1588168001818177e-05
1,24546,10.877173709869385,0.14036026159543324,0.784361743927002,0.016380265939159613,0.6888431241882921,0.033973073466736566,6,28,10000,221,0.16829104217293056,1.1562926587192108,1.611336989409985,0.881207583558071,1,"{'colsample_bytree': np.float64(0.6888431241882921), 'learning_rate': np.float64(0.033973073466736566), 'max_depth': 6, 'min_child_samples': 28, 'n_estimators': 10000, 'num_leaves': 221, 'reg_alpha': np.float64(0.16829104217293056), 'reg_lambda': np.float64(1.1562926587192108), 'scale_pos_weight': np.float64(1.611336989409985), 'subsample': np.float64(0.881207583558071), 'subsample_freq': 1}",0.9126145777428251,0.903764459820342,0.9055551418109601,0.9046215651392575,0.90348809937902,0.906008768778481,0.0033810507348073764,9,1.0,1.0,1.0,0.9999460295799955,1.0,0.9999892059159989,2.1588168001818177e-05
1,24546,10.781408882141113,0.2189011480922259,0.7628466129302979,0.012280673182230709,0.941203782186944,0.06888977841391714,7,36,10000,229,0.2684748568901568,1.9558396228289472,1.611336989409985,0.82272050498334,1,"{'colsample_bytree': np.float64(0.941203782186944), 'learning_rate': np.float64(0.06888977841391714), 'max_depth': 7, 'min_child_samples': 36, 'n_estimators': 10000, 'num_leaves': 229, 'reg_alpha': np.float64(0.2684748568901568), 'reg_lambda': np.float64(1.9558396228289472), 'scale_pos_weight': np.float64(1.611336989409985), 'subsample': np.float64(0.82272050498334), 'subsample_freq': 1}",0.9130871706111765,0.9036774525527131,0.9051823554595355,0.9026509600800363,0.9018689864750737,0.905293385035707,0.004051557085891654,10,1.0,1.0,1.0,0.9999460295799955,1.0,0.9999892059159989,2.1588168001818177e-05
1,24546,11.892693138122558,0.21159006874351854,1.0266549587249756,0.015878833660439098,0.6185801650879991,0.1315089703802877,7,77,10000,181,0.013264961159866528,3.3266052670545583,1.611336989409985,0.9233589392465844,1,"{'colsample_bytree': np.float64(0.6185801650879991), 'learning_rate': np.float64(0.1315089703802877), 'max_depth': 7, 'min_child_samples': 77, 'n_estimators': 10000, 'num_leaves': 181, 'reg_alpha': np.float64(0.013264961159866528), 'reg_lambda': np.float64(3.3266052670545583), 'scale_pos_weight': np.float64(1.611336989409985), 'subsample': np.float64(0.9233589392465844), 'subsample_freq': 1}",0.9131436376697228,0.902411126589316,0.9062594522915556,0.9020301170964176,0.9022849960598734,0.9052258659413772,0.004255436378222645,11,1.0,1.0,1.0,0.9999460295799955,1.0,0.9999892059159989,2.1588168001818177e-05
1,24546,11.272171592712402,0.14055389234953522,0.7617265701293945,0.00789267722564877,0.9977829850443283,0.045185050535469076,6,37,10000,156,0.3253996981592677,2.7394742153540723,1.611336989409985,0.8976682092226249,1,"{'colsample_bytree': np.float64(0.9977829850443283), 'learning_rate': np.float64(0.045185050535469076), 'max_depth': 6, 'min_child_samples': 37, 'n_estimators': 10000, 'num_leaves': 156, 'reg_alpha': np.float64(0.3253996981592677), 'reg_lambda': np.float64(2.7394742153540723), 'scale_pos_weight': np.float64(1.611336989409985), 'subsample': np.float64(0.8976682092226249), 'subsample_freq': 1}",0.9122370922010672,0.9012636512568875,0.9060522421066957,0.9041054859189321,0.9022849960598734,0.9051886935086912,0.003884234661887204,12,1.0,1.0,1.0,0.9999460295799955,1.0,0.9999892059159989,2.1588168001818177e-05
1,24546,6.741624641418457,0.1356105187860461,0.4478999137878418,0.006657678573339638,0.7257423924305306,0.11171413823294056,8,27,10000,245,0.41038292303562973,2.766653415629146,1.611336989409985,0.9771414282231924,1,"{'colsample_bytree': np.float64(0.7257423924305306), 'learning_rate': np.float64(0.11171413823294056), 'max_depth': 8, 'min_child_samples': 27, 'n_estimators': 10000, 'num_leaves': 245, 'reg_alpha': np.float64(0.41038292303562973), 'reg_lambda': np.float64(2.766653415629146), 'scale_pos_weight': np.float64(1.611336989409985), 'subsample': np.float64(0.9771414282231924), 'subsample_freq': 1}",0.9125572400562351,0.9033497573507533,0.9047474121359553,0.9053479369705196,0.8996736617877152,0.9051352016602359,0.00420234506294916,13,1.0,1.0,1.0,0.9999460295799955,1.0,0.9999892059159989,2.1588168001818177e-05
1,24546,8.474636936187744,0.2425296416764629,0.7262487888336182,0.011799233991125183,0.7168578594140873,0.08327236865873834,8,66,10000,189,0.6183860093330873,1.6473859738014882,1.611336989409985,0.836965827544817,1,"{'colsample_bytree': np.float64(0.7168578594140873), 'learning_rate': np.float64(0.08327236865873834), 'max_depth': 8, 'min_child_samples': 66, 'n_estimators': 10000, 'num_leaves': 189, 'reg_alpha': np.float64(0.6183860093330873), 'reg_lambda': np.float64(1.6473859738014882), 'scale_pos_weight': np.float64(1.611336989409985), 'subsample': np.float64(0.836965827544817), 'subsample_freq': 1}",0.9113296357686259,0.9032074987059375,0.9043750973975377,0.9035647381051046,0.9011531232999217,0.9047260186554255,0.0034684567542905306,14,1.0,1.0,1.0,0.9999460295799955,1.0,0.9999892059159989,2.1588168001818177e-05
1,24546,6.938902521133423,0.1301528946143996,0.4634049892425537,0.009784966044318558,0.8883759697008518,0.07161215837047784,6,63,10000,129,0.6363326181858954,1.2513854558167523,1.611336989409985,0.9892042219009782,1,"{'colsample_bytree': np.float64(0.8883759697008518), 'learning_rate': np.float64(0.07161215837047784), 'max_depth': 6, 'min_child_samples': 63, 'n_estimators': 10000, 'num_leaves': 129, 'reg_alpha': np.float64(0.6363326181858954), 'reg_lambda': np.float64(1.2513854558167523), 'scale_pos_weight': np.float64(1.611336989409985), 'subsample': np.float64(0.9892042219009782), 'subsample_freq': 1}",0.9094228544513399,0.9029134131401473,0.9044580014366952,0.9027795247664161,0.9008296657345263,0.9040806919058249,0.0029088076578810142,15,1.0,1.0,1.0,0.9999460295799955,1.0,0.9999892059159989,2.1588168001818177e-05
1,24546,5.032753753662109,0.08180970166174172,0.34316530227661135,0.004568898119316654,0.6780971951192178,0.15449042305230107,5,8,10000,49,0.768554014306309,0.6308113152633013,1.611336989409985,0.9761834337411657,1,"{'colsample_bytree': np.float64(0.6780971951192178), 'learning_rate': np.float64(0.15449042305230107), 'max_depth': 5, 'min_child_samples': 8, 'n_estimators': 10000, 'num_leaves': 49, 'reg_alpha': np.float64(0.768554014306309), 'reg_lambda': np.float64(0.6308113152633013), 'scale_pos_weight': np.float64(1.611336989409985), 'subsample': np.float64(0.9761834337411657), 'subsample_freq': 1}",0.9093132107465658,0.9026623936913328,0.9030500041624379,0.9012894503638764,0.902653287855953,0.9037936693640333,0.002823818069136707,16,1.0,1.0,1.0,0.9999460295799955,1.0,0.9999892059159989,2.1588168001818177e-05
1,24546,8.101855373382568,0.26213901157607267,0.6415059089660644,0.010352683230038505,0.9744619096643123,0.14920595933499461,8,28,10000,128,0.6150072266991697,3.47016155031279,1.611336989409985,0.7016654596278955,1,"{'colsample_bytree': np.float64(0.9744619096643123), 'learning_rate': np.float64(0.14920595933499461), 'max_depth': 8, 'min_child_samples': 28, 'n_estimators': 10000, 'num_leaves': 128, 'reg_alpha': np.float64(0.6150072266991697), 'reg_lambda': np.float64(3.47016155031279), 'scale_pos_weight': np.float64(1.611336989409985), 'subsample': np.float64(0.7016654596278955), 'subsample_freq': 1}",0.9093835286893306,0.9034918186492453,0.9020948306886092,0.9038353670319228,0.8997004470720829,0.9037011984262382,0.003191775275012066,17,1.0,1.0,1.0,0.9999460295799955,1.0,0.9999892059159989,2.1588168001818177e-05
1,24546,6.203234243392944,0.19139345489004872,0.5057399272918701,0.006110845681171438,0.6372411071223597,0.18944315159066538,7,36,10000,23,0.2788713525921819,2.601073489918314,1.611336989409985,0.9588441039810308,1,"{'colsample_bytree': np.float64(0.6372411071223597), 'learning_rate': np.float64(0.18944315159066538), 'max_depth': 7, 'min_child_samples': 36, 'n_estimators': 10000, 'num_leaves': 23, 'reg_alpha': np.float64(0.2788713525921819), 'reg_lambda': np.float64(2.601073489918314), 'scale_pos_weight': np.float64(1.611336989409985), 'subsample': np.float64(0.9588441039810308), 'subsample_freq': 1}",0.9092742370494091,0.9021502266404715,0.9028432152638912,0.902551352102471,0.9014994322055785,0.9036636926523643,0.002841242535434804,18,1.0,1.0,1.0,0.9999460295799955,1.0,0.9999892059159989,2.1588168001818177e-05
1,24546,9.010763454437257,0.2618817371765962,0.7406141757965088,0.0036539013776381154,0.7103996728090174,0.06925470114081649,7,69,10000,103,0.9868869366005173,2.8167343078899725,1.611336989409985,0.7173952698872152,1,"{'colsample_bytree': np.float64(0.7103996728090174), 'learning_rate': np.float64(0.06925470114081649), 'max_depth': 7, 'min_child_samples': 69, 'n_estimators': 10000, 'num_leaves': 103, 'reg_alpha': np.float64(0.9868869366005173), 'reg_lambda': np.float64(2.8167343078899725), 'scale_pos_weight': np.float64(1.611336989409985), 'subsample': np.float64(0.7173952698872152), 'subsample_freq': 1}",0.9105765207281258,0.9014193963433705,0.9020376675241111,0.9023659028970533,0.9003227869197106,0.9033444548824742,0.0036825089610252677,19,1.0,1.0,1.0,0.9999460295799955,1.0,0.9999892059159989,2.1588168001818177e-05
1,24546,8.580419969558715,0.322840361319897,0.5864796161651611,0.0033899336528438115,0.6056319290860338,0.049768480817761036,5,39,10000,47,0.6059599747810114,3.278902635540047,1.611336989409985,0.6463476238100518,1,"{'colsample_bytree': np.float64(0.6056319290860338), 'learning_rate': np.float64(0.049768480817761036), 'max_depth': 5, 'min_child_samples': 39, 'n_estimators': 10000, 'num_leaves': 47, 'reg_alpha': np.float64(0.6059599747810114), 'reg_lambda': np.float64(3.278902635540047), 'scale_pos_weight': np.float64(1.611336989409985), 'subsample': np.float64(0.6463476238100518), 'subsample_freq': 1}",0.9088988218326812,0.9025426105684309,0.9002566898522848,0.9011902102884597,0.9005994133424104,0.9026975491768534,0.003197243414908189,20,1.0,1.0,1.0,0.9999460295799955,1.0,0.9999892059159989,2.1588168001818177e-05
1,24546,6.59957332611084,0.19552258417014984,0.5013586044311523,0.007447835264779501,0.9844688097397396,0.1789067697356303,7,86,10000,125,0.8287375091519293,1.5702599800807677,1.611336989409985,0.8428136990746738,1,"{'colsample_bytree': np.float64(0.9844688097397396), 'learning_rate': np.float64(0.1789067697356303), 'max_depth': 7, 'min_child_samples': 86, 'n_estimators': 10000, 'num_leaves': 125, 'reg_alpha': np.float64(0.8287375091519293), 'reg_lambda': np.float64(1.5702599800807677), 'scale_pos_weight': np.float64(1.611336989409985), 'subsample': np.float64(0.8428136990746738), 'subsample_freq': 1}",0.9110297490201598,0.9005470016207455,0.9020164233960258,0.9017242986001589,0.8980191337220707,0.9026673212718321,0.0044123590191769415,21,1.0,1.0,1.0,0.9999460295799955,1.0,0.9999892059159989,2.1588168001818177e-05
0,8182,2.5482789516448974,0.04107859874869749,0.08923697471618652,0.0016131782329901253,0.7257423924305306,0.11171413823294056,8,27,10000,245,0.41038292303562973,2.766653415629146,1.611336989409985,0.9771414282231924,1,"{'colsample_bytree': np.float64(0.7257423924305306), 'learning_rate': np.float64(0.11171413823294056), 'max_depth': 8, 'min_child_samples': 27, 'n_estimators': 10000, 'num_leaves': 245, 'reg_alpha': np.float64(0.41038292303562973), 'reg_lambda': np.float64(2.766653415629146), 'scale_pos_weight': np.float64(1.611336989409985), 'subsample': np.float64(0.9771414282231924), 'subsample_freq': 1}",0.8875978653372958,0.8775576808642467,0.8757520669349566,0.8950967542028646,0.8788534071518201,0.8829715548982368,0.007304976191948476,22,1.0,1.0,1.0,1.0,1.0,1.0,0.0
0,8182,1.8117319107055665,0.026628554962192987,0.05902209281921387,0.0012989906861454385,0.6780971951192178,0.15449042305230107,5,8,10000,49,0.768554014306309,0.6308113152633013,1.611336989409985,0.9761834337411657,1,"{'colsample_bytree': np.float64(0.6780971951192178), 'learning_rate': np.float64(0.15449042305230107), 'max_depth': 5, 'min_child_samples': 8, 'n_estimators': 10000, 'num_leaves': 49, 'reg_alpha': np.float64(0.768554014306309), 'reg_lambda': np.float64(0.6308113152633013), 'scale_pos_weight': np.float64(1.611336989409985), 'subsample': np.float64(0.9761834337411657), 'subsample_freq': 1}",0.8872045639771802,0.8799488547455917,0.8752227694207216,0.8937936082923412,0.8775294006726051,0.882739839421688,0.006834678930598195,23,1.0,1.0,1.0,1.0,1.0,1.0,0.0
0,8182,5.562898302078247,0.0737863849639219,0.22755870819091797,0.0016695781580140328,0.6888431241882921,0.033973073466736566,6,28,10000,221,0.16829104217293056,1.1562926587192108,1.611336989409985,0.881207583558071,1,"{'colsample_bytree': np.float64(0.6888431241882921), 'learning_rate': np.float64(0.033973073466736566), 'max_depth': 6, 'min_child_samples': 28, 'n_estimators': 10000, 'num_leaves': 221, 'reg_alpha': np.float64(0.16829104217293056), 'reg_lambda': np.float64(1.1562926587192108), 'scale_pos_weight': np.float64(1.611336989409985), 'subsample': np.float64(0.881207583558071), 'subsample_freq': 1}",0.8890516493055556,0.875077124354881,0.8715690986574386,0.8964668646921696,0.8802650120597875,0.8824859498139664,0.009138657330377695,24,1.0,1.0,1.0,1.0,1.0,1.0,0.0
0,8182,3.766011953353882,0.14767273303524836,0.16668834686279296,0.0038276275824605994,0.7312610669898928,0.04100832334554884,8,26,10000,72,0.8604046183116753,1.2507540815475922,1.611336989409985,0.9290402242638633,1,"{'colsample_bytree': np.float64(0.7312610669898928), 'learning_rate': np.float64(0.04100832334554884), 'max_depth': 8, 'min_child_samples': 26, 'n_estimators': 10000, 'num_leaves': 72, 'reg_alpha': np.float64(0.8604046183116753), 'reg_lambda': np.float64(1.2507540815475922), 'scale_pos_weight': np.float64(1.611336989409985), 'subsample': np.float64(0.9290402242638633), 'subsample_freq': 1}",0.8904287839719087,0.875077124354881,0.8713881130615537,0.8924205378973105,0.8789419735190116,0.881651306560933,0.008353609415010035,25,1.0,1.0,1.0,1.0,1.0,1.0,0.0
0,8182,5.099540853500367,0.0907187530990415,0.2084348201751709,0.0025548783109982003,0.9977829850443283,0.045185050535469076,6,37,10000,156,0.3253996981592677,2.7394742153540723,1.611336989409985,0.8976682092226249,1,"{'colsample_bytree': np.float64(0.9977829850443283), 'learning_rate': np.float64(0.045185050535469076), 'max_depth': 6, 'min_child_samples': 37, 'n_estimators': 10000, 'num_leaves': 156, 'reg_alpha': np.float64(0.3253996981592677), 'reg_lambda': np.float64(2.7394742153540723), 'scale_pos_weight': np.float64(1.611336989409985), 'subsample': np.float64(0.8976682092226249), 'subsample_freq': 1}",0.8876723484092451,0.8748813460197494,0.8739162015612527,0.8920128578086057,0.8785007951307324,0.8813967097859171,0.007195561534239254,26,1.0,1.0,1.0,1.0,1.0,1.0,0.0
0,8182,4.421975898742676,0.08266097546259611,0.19131684303283691,0.0027348842588,0.941203782186944,0.06888977841391714,7,36,10000,229,0.2684748568901568,1.9558396228289472,1.611336989409985,0.82272050498334,1,"{'colsample_bytree': np.float64(0.941203782186944), 'learning_rate': np.float64(0.06888977841391714), 'max_depth': 7, 'min_child_samples': 36, 'n_estimators': 10000, 'num_leaves': 229, 'reg_alpha': np.float64(0.2684748568901568), 'reg_lambda': np.float64(1.9558396228289472), 'scale_pos_weight': np.float64(1.611336989409985), 'subsample': np.float64(0.82272050498334), 'subsample_freq': 1}",0.8853602796556859,0.8764131978911924,0.8706925871222706,0.8954315933981953,0.8770914519474979,0.8809978220029684,0.008600478645567688,27,1.0,1.0,1.0,1.0,1.0,1.0,0.0
0,8182,3.136402225494385,0.05398719263219177,0.13278322219848632,0.003848485459246071,0.9744619096643123,0.14920595933499461,8,28,10000,128,0.6150072266991697,3.47016155031279,1.611336989409985,0.7016654596278955,1,"{'colsample_bytree': np.float64(0.9744619096643123), 'learning_rate': np.float64(0.14920595933499461), 'max_depth': 8, 'min_child_samples': 28, 'n_estimators': 10000, 'num_leaves': 128, 'reg_alpha': np.float64(0.6150072266991697), 'reg_lambda': np.float64(3.47016155031279), 'scale_pos_weight': np.float64(1.611336989409985), 'subsample': np.float64(0.7016654596278955), 'subsample_freq': 1}",0.8878930627179256,0.873839137188371,0.8660767944044394,0.8928336205633679,0.8826309926275586,0.8806547215003324,0.009629049397161155,28,1.0,1.0,1.0,1.0,1.0,1.0,0.0
0,8182,2.5292051792144776,0.050229010858379976,0.08742709159851074,0.0025480785303276386,0.8883759697008518,0.07161215837047784,6,63,10000,129,0.6363326181858954,1.2513854558167523,1.611336989409985,0.9892042219009782,1,"{'colsample_bytree': np.float64(0.8883759697008518), 'learning_rate': np.float64(0.07161215837047784), 'max_depth': 6, 'min_child_samples': 63, 'n_estimators': 10000, 'num_leaves': 129, 'reg_alpha': np.float64(0.6363326181858954), 'reg_lambda': np.float64(1.2513854558167523), 'scale_pos_weight': np.float64(1.611336989409985), 'subsample': np.float64(0.9892042219009782), 'subsample_freq': 1}",0.8884356400107674,0.8713836477987422,0.8715566422167889,0.8920128578086057,0.8763858668751603,0.8799549309420129,0.008649305095515997,29,1.0,1.0,1.0,1.0,1.0,1.0,0.0
0,8182,5.829832267761231,0.11338053491642985,0.2631859302520752,0.0013412095761996814,0.6185801650879991,0.1315089703802877,7,77,10000,181,0.013264961159866528,3.3266052670545583,1.611336989409985,0.9233589392465844,1,"{'colsample_bytree': np.float64(0.6185801650879991), 'learning_rate': np.float64(0.1315089703802877), 'max_depth': 7, 'min_child_samples': 77, 'n_estimators': 10000, 'num_leaves': 181, 'reg_alpha': np.float64(0.013264961159866528), 'reg_lambda': np.float64(3.3266052670545583), 'scale_pos_weight': np.float64(1.611336989409985), 'subsample': np.float64(0.9233589392465844), 'subsample_freq': 1}",0.8865155262566198,0.871586397263231,0.8666858402837695,0.8929678947299555,0.8792045579714267,0.8793920433010005,0.009565130499589661,30,1.0,1.0,1.0,1.0,1.0,1.0,0.0
0,8182,3.756698226928711,0.06806579348993418,0.1850128650665283,0.002637911438931114,0.7103996728090174,0.06925470114081649,7,69,10000,103,0.9868869366005173,2.8167343078899725,1.611336989409985,0.7173952698872152,1,"{'colsample_bytree': np.float64(0.7103996728090174), 'learning_rate': np.float64(0.06925470114081649), 'max_depth': 7, 'min_child_samples': 69, 'n_estimators': 10000, 'num_leaves': 103, 'reg_alpha': np.float64(0.9868869366005173), 'reg_lambda': np.float64(2.8167343078899725), 'scale_pos_weight': np.float64(1.611336989409985), 'subsample': np.float64(0.7173952698872152), 'subsample_freq': 1}",0.8873507395707254,0.8704512800417974,0.8652115785615038,0.8904412915599249,0.8799934868439083,0.878689675315572,0.00963685313457494,31,1.0,1.0,1.0,1.0,1.0,1.0,0.0
0,8182,2.213521385192871,0.10906194481951524,0.09358577728271485,0.0027261435379250807,0.6372411071223597,0.18944315159066538,7,36,10000,23,0.2788713525921819,2.601073489918314,1.611336989409985,0.9588441039810308,1,"{'colsample_bytree': np.float64(0.6372411071223597), 'learning_rate': np.float64(0.18944315159066538), 'max_depth': 7, 'min_child_samples': 36, 'n_estimators': 10000, 'num_leaves': 23, 'reg_alpha': np.float64(0.2788713525921819), 'reg_lambda': np.float64(2.601073489918314), 'scale_pos_weight': np.float64(1.611336989409985), 'subsample': np.float64(0.9588441039810308), 'subsample_freq': 1}",0.8870565662926335,0.8660246331236897,0.8636435600131601,0.8903569240196079,0.8815014201102502,0.8777166207118683,0.010918701102612404,32,1.0,1.0,1.0,1.0,1.0,1.0,0.0
0,8182,3.236302900314331,0.14950305273086878,0.1603635311126709,0.0033244783570543332,0.7168578594140873,0.08327236865873834,8,66,10000,189,0.6183860093330873,1.6473859738014882,1.611336989409985,0.836965827544817,1,"{'colsample_bytree': np.float64(0.7168578594140873), 'learning_rate': np.float64(0.08327236865873834), 'max_depth': 8, 'min_child_samples': 66, 'n_estimators': 10000, 'num_leaves': 189, 'reg_alpha': np.float64(0.6183860093330873), 'reg_lambda': np.float64(1.6473859738014882), 'scale_pos_weight': np.float64(1.611336989409985), 'subsample': np.float64(0.836965827544817), 'subsample_freq': 1}",0.8839066877797604,0.8704512800417974,0.8672077922077922,0.8890064595069731,0.8771801515995448,0.8775504742271736,0.008113541985363976,33,1.0,1.0,1.0,1.0,1.0,1.0,0.0
0,8182,2.443717384338379,0.04134550652602225,0.09864420890808105,0.0024118105257272438,0.9844688097397396,0.1789067697356303,7,86,10000,125,0.8287375091519293,1.5702599800807677,1.611336989409985,0.8428136990746738,1,"{'colsample_bytree': np.float64(0.9844688097397396), 'learning_rate': np.float64(0.1789067697356303), 'max_depth': 7, 'min_child_samples': 86, 'n_estimators': 10000, 'num_leaves': 125, 'reg_alpha': np.float64(0.8287375091519293), 'reg_lambda': np.float64(1.5702599800807677), 'scale_pos_weight': np.float64(1.611336989409985), 'subsample': np.float64(0.8428136990746738), 'subsample_freq': 1}",0.8839066877797604,0.8708668437530034,0.8675450850901701,0.8892812717796581,0.874895961285524,0.8772991699376231,0.008118158162652923,34,1.0,1.0,1.0,1.0,1.0,1.0,0.0
0,8182,4.282278823852539,0.04249838728645517,0.19077119827270508,0.0011012592169016198,0.6056319290860338,0.049768480817761036,5,39,10000,47,0.6059599747810114,3.278902635540047,1.611336989409985,0.6463476238100518,1,"{'colsample_bytree': np.float64(0.6056319290860338), 'learning_rate': np.float64(0.049768480817761036), 'max_depth': 5, 'min_child_samples': 39, 'n_estimators': 10000, 'num_leaves': 47, 'reg_alpha': np.float64(0.6059599747810114), 'reg_lambda': np.float64(3.278902635540047), 'scale_pos_weight': np.float64(1.611336989409985), 'subsample': np.float64(0.6463476238100518), 'subsample_freq': 1}",0.8871307936951038,0.8714853128175921,0.8598207008964955,0.890304629571219,0.8760372281684328,0.8769557330297687,0.01101002609537313,35,1.0,1.0,1.0,1.0,1.0,1.0,0.0
0,8182,2.9596035957336424,0.06375137761708115,0.14183149337768555,0.003796491878884696,0.7975182385457563,0.11454656587639882,9,94,10000,56,0.4393365018657701,1.1051576070061886,1.611336989409985,0.8545641645055122,1,"{'colsample_bytree': np.float64(0.7975182385457563), 'learning_rate': np.float64(0.11454656587639882), 'max_depth': 9, 'min_child_samples': 94, 'n_estimators': 10000, 'num_leaves': 56, 'reg_alpha': np.float64(0.4393365018657701), 'reg_lambda': np.float64(1.1051576070061886), 'scale_pos_weight': np.float64(1.611336989409985), 'subsample': np.float64(0.8545641645055122), 'subsample_freq': 1}",0.8853602796556859,0.8673687340990893,0.8658194182333596,0.8870945479641132,0.8768278125031455,0.8764941584910787,0.008812617504339652,36,1.0,1.0,1.0,1.0,1.0,1.0,0.0
0,8182,4.613618278503418,0.1269258412931466,0.22057633399963378,0.0016349329307157258,0.7218455076693483,0.02953442280127678,6,96,10000,125,0.6832635188254582,2.3299899733478626,1.611336989409985,0.6137554084460873,1,"{'colsample_bytree': np.float64(0.7218455076693483), 'learning_rate': np.float64(0.02953442280127678), 'max_depth': 6, 'min_child_samples': 96, 'n_estimators': 10000, 'num_leaves': 125, 'reg_alpha': np.float64(0.6832635188254582), 'reg_lambda': np.float64(2.3299899733478626), 'scale_pos_weight': np.float64(1.611336989409985), 'subsample': np.float64(0.6137554084460873), 'subsample_freq': 1}",0.8827548314660424,0.8692171529720779,0.8606983702571938,0.8912569732937685,0.8763858668751603,0.8760626389728486,0.010570516958524541,37,1.0,1.0,1.0,1.0,1.0,1.0,0.0
0,8182,3.146064281463623,0.04109782686643826,0.13166708946228028,0.0023518298238387955,0.9464704583099741,0.13022300234864176,5,26,10000,67,0.9699098521619943,2.997327922401265,1.611336989409985,0.6003115063364057,1,"{'colsample_bytree': np.float64(0.9464704583099741), 'learning_rate': np.float64(0.13022300234864176), 'max_depth': 5, 'min_child_samples': 26, 'n_estimators': 10000, 'num_leaves': 67, 'reg_alpha': np.float64(0.9699098521619943), 'reg_lambda': np.float64(2.997327922401265), 'scale_pos_weight': np.float64(1.611336989409985), 'subsample': np.float64(0.6003115063364057), 'subsample_freq': 1}",0.8840575555608641,0.8679845067391773,0.8617448881578086,0.8896209042418085,0.876652607583035,0.8760120924565387,0.010181696767715274,38,1.0,1.0,1.0,1.0,1.0,1.0,0.0
0,8182,2.7746822357177736,0.037424274621167444,0.12251958847045899,0.0024587473324324976,0.8395461865954144,0.14895698660794093,6,70,10000,184,0.808120379564417,2.4002112695312703,1.611336989409985,0.782613828193164,1,"{'colsample_bytree': np.float64(0.8395461865954144), 'learning_rate': np.float64(0.14895698660794093), 'max_depth': 6, 'min_child_samples': 70, 'n_estimators': 10000, 'num_leaves': 184, 'reg_alpha': np.float64(0.808120379564417), 'reg_lambda': np.float64(2.4002112695312703), 'scale_pos_weight': np.float64(1.611336989409985), 'subsample': np.float64(0.782613828193164), 'subsample_freq': 1}",0.8859005704971474,0.8653175270773423,0.8647702265449706,0.8861481036282541,0.8752446223223991,0.8754762100140228,0.009385383942089268,39,1.0,1.0,1.0,1.0,1.0,1.0,0.0
0,8182,3.4520412921905517,0.14111014534285046,0.16356825828552246,0.002477033816108265,0.954834569706047,0.1659751091715248,6,79,10000,127,0.16162871409461377,3.195662565581238,1.611336989409985,0.8322746485745819,1,"{'colsample_bytree': np.float64(0.954834569706047), 'learning_rate': np.float64(0.1659751091715248), 'max_depth': 6, 'min_child_samples': 79, 'n_estimators': 10000, 'num_leaves': 127, 'reg_alpha': np.float64(0.16162871409461377), 'reg_lambda': np.float64(3.195662565581238), 'scale_pos_weight': np.float64(1.611336989409985), 'subsample': np.float64(0.8322746485745819), 'subsample_freq': 1}",0.8796912980309617,0.8650039297192988,0.8635538864460138,0.887373293768546,0.8754221872148235,0.8742089190359288,0.008978761707844667,40,1.0,1.0,1.0,1.0,1.0,1.0,0.0
0,8182,2.8998345375061034,0.020675997780564535,0.11225862503051758,0.0011900293361567342,0.7181162353675755,0.0745101528477201,3,13,10000,57,0.7089109969101186,2.158459930723723,1.611336989409985,0.9237444621914055,1,"{'colsample_bytree': np.float64(0.7181162353675755), 'learning_rate': np.float64(0.0745101528477201), 'max_depth': 3, 'min_child_samples': 13, 'n_estimators': 10000, 'num_leaves': 57, 'reg_alpha': np.float64(0.7089109969101186), 'reg_lambda': np.float64(2.158459930723723), 'scale_pos_weight': np.float64(1.611336989409985), 'subsample': np.float64(0.9237444621914055), 'subsample_freq': 1}",0.8838863827676486,0.867469228843142,0.861124694376528,0.8859386562171704,0.8716489501019301,0.8740135824612839,0.009531243953527146,41,1.0,1.0,1.0,1.0,1.0,1.0,0.0
0,8182,2.642388105392456,0.13366392785071038,0.11458539962768555,0.001218154442612923,0.7489131066246972,0.1980266884915557,3,97,10000,160,0.16080805141749865,2.1462013680997583,1.611336989409985,0.7793696571944989,1,"{'colsample_bytree': np.float64(0.7489131066246972), 'learning_rate': np.float64(0.1980266884915557), 'max_depth': 3, 'min_child_samples': 97, 'n_estimators': 10000, 'num_leaves': 160, 'reg_alpha': np.float64(0.16080805141749865), 'reg_lambda': np.float64(2.1462013680997583), 'scale_pos_weight': np.float64(1.611336989409985), 'subsample': np.float64(0.7793696571944989), 'subsample_freq': 1}",0.8806801245584328,0.8628606958695766,0.8520929391555917,0.8860787339268051,0.8687689306432569,0.8700962848307328,0.012212226780916097,42,1.0,1.0,1.0,1.0,1.0,1.0,0.0
0,8182,0.004958343505859375,0.00023726213369475478,0.0,0.0,0.749816047538945,0.20014286128198325,5,76,10000,203,0.596850157946487,1.8374982585607733,<scipy.stats._distn_infrastructure.rv_continuous_frozen object at 0x7f12465223d0>,0.6232334448672797,1,"{'colsample_bytree': np.float64(0.749816047538945), 'learning_rate': np.float64(0.20014286128198325), 'max_depth': 5, 'min_child_samples': 76, 'n_estimators': 10000, 'num_leaves': 203, 'reg_alpha': np.float64(0.596850157946487), 'reg_lambda': np.float64(1.8374982585607733), 'scale_pos_weight': <scipy.stats._distn_infrastructure.rv_continuous_frozen object at 0x7f12465223d0>, 'subsample': np.float64(0.6232334448672797), 'subsample_freq': 1}",,,,,,,,43,,,,,,,
0,8182,0.004942512512207032,0.00018122645206808448,0.0,0.0,0.996884623716487,0.13349630192554332,4,26,10000,250,0.023062425041415757,2.0743239807751674,<scipy.stats._distn_infrastructure.rv_continuous_frozen object at 0x7f12465223d0>,0.6557975442608167,1,"{'colsample_bytree': np.float64(0.996884623716487), 'learning_rate': np.float64(0.13349630192554332), 'max_depth': 4, 'min_child_samples': 26, 'n_estimators': 10000, 'num_leaves': 250, 'reg_alpha': np.float64(0.023062425041415757), 'reg_lambda': np.float64(2.0743239807751674), 'scale_pos_weight': <scipy.stats._distn_infrastructure.rv_continuous_frozen object at 0x7f12465223d0>, 'subsample': np.float64(0.6557975442608167), 'subsample_freq': 1}",,,,,,,,43,,,,,,,
0,8182,0.004992389678955078,0.00024571870795603464,0.0,0.0,0.9637281608315128,0.061755996320003385,6,6,10000,148,0.20794166286818883,2.2031009834599744,<scipy.stats._distn_infrastructure.rv_continuous_frozen object at 0x7f12465223d0>,0.9878338511058234,1,"{'colsample_bytree': np.float64(0.9637281608315128), 'learning_rate': np.float64(0.061755996320003385), 'max_depth': 6, 'min_child_samples': 6, 'n_estimators': 10000, 'num_leaves': 148, 'reg_alpha': np.float64(0.20794166286818883), 'reg_lambda': np.float64(2.2031009834599744), 'scale_pos_weight': <scipy.stats._distn_infrastructure.rv_continuous_frozen object at 0x7f12465223d0>, 'subsample': np.float64(0.9878338511058234), 'subsample_freq': 1}",,,,,,,,43,,,,,,,
0,8182,0.004567575454711914,0.00011752023002238616,0.0,0.0,0.9100531293444458,0.19789978831283783,8,18,10000,109,0.9218742350231168,0.7654775061557585,<scipy.stats._distn_infrastructure.rv_continuous_frozen object at 0x7f12465223d0>,0.8083337040103294,1,"{'colsample_bytree': np.float64(0.9100531293444458), 'learning_rate': np.float64(0.19789978831283783), 'max_depth': 8, 'min_child_samples': 18, 'n_estimators': 10000, 'num_leaves': 109, 'reg_alpha': np.float64(0.9218742350231168), 'reg_lambda': np.float64(0.7654775061557585), 'scale_pos_weight': <scipy.stats._distn_infrastructure.rv_continuous_frozen object at 0x7f12465223d0>, 'subsample': np.float64(0.8083337040103294), 'subsample_freq': 1}",,,,,,,,43,,,,,,,
0,8182,0.005164957046508789,0.0006290284554610726,0.0,0.0,0.9452413703502374,0.1346596253655116,4,37,10000,62,0.37081825219826636,2.5065237579908217,<scipy.stats._distn_infrastructure.rv_continuous_frozen object at 0x7f12465223d0>,0.8918424713352255,1,"{'colsample_bytree': np.float64(0.9452413703502374), 'learning_rate': np.float64(0.1346596253655116), 'max_depth': 4, 'min_child_samples': 37, 'n_estimators': 10000, 'num_leaves': 62, 'reg_alpha': np.float64(0.37081825219826636), 'reg_lambda': np.float64(2.5065237579908217), 'scale_pos_weight': <scipy.stats._distn_infrastructure.rv_continuous_frozen object at 0x7f12465223d0>, 'subsample': np.float64(0.8918424713352255), 'subsample_freq': 1}",,,,,,,,43,,,,,,,
0,8182,0.004555845260620117,0.00010560630863216013,0.0,0.0,0.8550229885420852,0.18744254851526532,3,51,10000,220,0.8489138242660839,2.6651885634946195,<scipy.stats._distn_infrastructure.rv_continuous_frozen object at 0x7f12465223d0>,0.9083868719818244,1,"{'colsample_bytree': np.float64(0.8550229885420852), 'learning_rate': np.float64(0.18744254851526532), 'max_depth': 3, 'min_child_samples': 51, 'n_estimators': 10000, 'num_leaves': 220, 'reg_alpha': np.float64(0.8489138242660839), 'reg_lambda': np.float64(2.6651885634946195), 'scale_pos_weight': <scipy.stats._distn_infrastructure.rv_continuous_frozen object at 0x7f12465223d0>, 'subsample': np.float64(0.9083868719818244), 'subsample_freq': 1}",,,,,,,,43,,,,,,,
0,8182,0.004944229125976562,0.00020546915913491142,0.0,0.0,0.6873761748867334,0.09330198957407325,8,79,10000,142,0.8074401551640625,3.1882738997704796,<scipy.stats._distn_infrastructure.rv_continuous_frozen object at 0x7f12465223d0>,0.9627313766183017,1,"{'colsample_bytree': np.float64(0.6873761748867334), 'learning_rate': np.float64(0.09330198957407325), 'max_depth': 8, 'min_child_samples': 79, 'n_estimators': 10000, 'num_leaves': 142, 'reg_alpha': np.float64(0.8074401551640625), 'reg_lambda': np.float64(3.1882738997704796), 'scale_pos_weight': <scipy.stats._distn_infrastructure.rv_continuous_frozen object at 0x7f12465223d0>, 'subsample': np.float64(0.9627313766183017), 'subsample_freq': 1}",,,,,,,,43,,,,,,,
0,8182,0.004526948928833008,5.1807781212769184e-05,0.0,0.0,0.7088528997538541,0.13953802410827248,3,81,10000,247,0.30478125815802903,0.9939675594288252,<scipy.stats._distn_infrastructure.rv_continuous_frozen object at 0x7f12465223d0>,0.7669644012595116,1,"{'colsample_bytree': np.float64(0.7088528997538541), 'learning_rate': np.float64(0.13953802410827248), 'max_depth': 3, 'min_child_samples': 81, 'n_estimators': 10000, 'num_leaves': 247, 'reg_alpha': np.float64(0.30478125815802903), 'reg_lambda': np.float64(0.9939675594288252), 'scale_pos_weight': <scipy.stats._distn_infrastructure.rv_continuous_frozen object at 0x7f12465223d0>, 'subsample': np.float64(0.7669644012595116), 'subsample_freq': 1}",,,,,,,,43,,,,,,,
0,8182,0.005248546600341797,0.000825009658967335,0.0,0.0,0.7454518409517176,0.20435641654419215,6,16,10000,53,0.49724850589238545,1.402634929450309,<scipy.stats._distn_infrastructure.rv_continuous_frozen object at 0x7f12465223d0>,0.9990961940195767,1,"{'colsample_bytree': np.float64(0.7454518409517176), 'learning_rate': np.float64(0.20435641654419215), 'max_depth': 6, 'min_child_samples': 16, 'n_estimators': 10000, 'num_leaves': 53, 'reg_alpha': np.float64(0.49724850589238545), 'reg_lambda': np.float64(1.402634929450309), 'scale_pos_weight': <scipy.stats._distn_infrastructure.rv_continuous_frozen object at 0x7f12465223d0>, 'subsample': np.float64(0.9990961940195767), 'subsample_freq': 1}",,,,,,,,43,,,,,,,
0,8182,0.0045340538024902345,8.272889708334099e-05,0.0,0.0,0.706712405710114,0.2053229911665306,6,58,10000,101,0.27864646423661144,3.224797657899961,<scipy.stats._distn_infrastructure.rv_continuous_frozen object at 0x7f12465223d0>,0.8722821806219068,1,"{'colsample_bytree': np.float64(0.706712405710114), 'learning_rate': np.float64(0.2053229911665306), 'max_depth': 6, 'min_child_samples': 58, 'n_estimators': 10000, 'num_leaves': 101, 'reg_alpha': np.float64(0.27864646423661144), 'reg_lambda': np.float64(3.224797657899961), 'scale_pos_weight': <scipy.stats._distn_infrastructure.rv_continuous_frozen object at 0x7f12465223d0>, 'subsample': np.float64(0.8722821806219068), 'subsample_freq': 1}",,,,,,,,43,,,,,,,
0,8182,0.0044425010681152345,4.271284648206999e-05,0.0,0.0,0.8123738333268545,0.09955663291461833,8,36,10000,82,0.08085332633271525,1.6089633681842135,<scipy.stats._distn_infrastructure.rv_continuous_frozen object at 0x7f12465223d0>,0.8912865394447438,1,"{'colsample_bytree': np.float64(0.8123738333268545), 'learning_rate': np.float64(0.09955663291461833), 'max_depth': 8, 'min_child_samples': 36, 'n_estimators': 10000, 'num_leaves': 82, 'reg_alpha': np.float64(0.08085332633271525), 'reg_lambda': np.float64(1.6089633681842135), 'scale_pos_weight': <scipy.stats._distn_infrastructure.rv_continuous_frozen object at 0x7f12465223d0>, 'subsample': np.float64(0.8912865394447438), 'subsample_freq': 1}",,,,,,,,43,,,,,,,
0,8182,0.0044323444366455075,4.861555357272759e-05,0.0,0.0,0.7471132530877013,0.13646116611871592,8,90,10000,153,0.8164318732193839,2.8950353749536535,<scipy.stats._distn_infrastructure.rv_continuous_frozen object at 0x7f12465223d0>,0.7283120259886944,1,"{'colsample_bytree': np.float64(0.7471132530877013), 'learning_rate': np.float64(0.13646116611871592), 'max_depth': 8, 'min_child_samples': 90, 'n_estimators': 10000, 'num_leaves': 153, 'reg_alpha': np.float64(0.8164318732193839), 'reg_lambda': np.float64(2.8950353749536535), 'scale_pos_weight': <scipy.stats._distn_infrastructure.rv_continuous_frozen object at 0x7f12465223d0>, 'subsample': np.float64(0.7283120259886944), 'subsample_freq': 1}",,,,,,,,43,,,,,,,
0,8182,0.0044919013977050785,0.00010848853322216337,0.0,0.0,0.6746074041599417,0.018155028310952784,6,63,10000,178,0.016587828927856152,2.036279174897843,<scipy.stats._distn_infrastructure.rv_continuous_frozen object at 0x7f12465223d0>,0.7394663949166917,1,"{'colsample_bytree': np.float64(0.6746074041599417), 'learning_rate': np.float64(0.018155028310952784), 'max_depth': 6, 'min_child_samples': 63, 'n_estimators': 10000, 'num_leaves': 178, 'reg_alpha': np.float64(0.016587828927856152), 'reg_lambda': np.float64(2.036279174897843), 'scale_pos_weight': <scipy.stats._distn_infrastructure.rv_continuous_frozen object at 0x7f12465223d0>, 'subsample': np.float64(0.7394663949166917), 'subsample_freq': 1}",,,,,,,,43,,,,,,,
0,8182,0.004455423355102539,5.305198591155176e-05,0.0,0.0,0.6384706204365683,0.1981046528979208,9,86,10000,118,0.13752094414599325,1.5231990531507755,<scipy.stats._distn_infrastructure.rv_continuous_frozen object at 0x7f12465223d0>,0.6836286482950855,1,"{'colsample_bytree': np.float64(0.6384706204365683), 'learning_rate': np.float64(0.1981046528979208), 'max_depth': 9, 'min_child_samples': 86, 'n_estimators': 10000, 'num_leaves': 118, 'reg_alpha': np.float64(0.13752094414599325), 'reg_lambda': np.float64(1.5231990531507755), 'scale_pos_weight': <scipy.stats._distn_infrastructure.rv_continuous_frozen object at 0x7f12465223d0>, 'subsample': np.float64(0.6836286482950855), 'subsample_freq': 1}",,,,,,,,43,,,,,,,
0,8182,0.004486083984375,5.910530738954371e-05,0.0,0.0,0.8165791895310264,0.14915687986901646,9,20,10000,104,0.9821683433294356,2.049907673813043,<scipy.stats._distn_infrastructure.rv_continuous_frozen object at 0x7f12465223d0>,0.6967409163601807,1,"{'colsample_bytree': np.float64(0.8165791895310264), 'learning_rate': np.float64(0.14915687986901646), 'max_depth': 9, 'min_child_samples': 20, 'n_estimators': 10000, 'num_leaves': 104, 'reg_alpha': np.float64(0.9821683433294356), 'reg_lambda': np.float64(2.049907673813043), 'scale_pos_weight': <scipy.stats._distn_infrastructure.rv_continuous_frozen object at 0x7f12465223d0>, 'subsample': np.float64(0.6967409163601807), 'subsample_freq': 1}",,,,,,,,43,,,,,,,
0,8182,0.005104160308837891,0.0003659017506869544,0.0,0.0,0.7572390898667042,0.1884093110354227,5,31,10000,240,0.3500784076946757,2.4353100860916945,<scipy.stats._distn_infrastructure.rv_continuous_frozen object at 0x7f12465223d0>,0.7970070775275455,1,"{'colsample_bytree': np.float64(0.7572390898667042), 'learning_rate': np.float64(0.1884093110354227), 'max_depth': 5, 'min_child_samples': 31, 'n_estimators': 10000, 'num_leaves': 240, 'reg_alpha': np.float64(0.3500784076946757), 'reg_lambda': np.float64(2.4353100860916945), 'scale_pos_weight': <scipy.stats._distn_infrastructure.rv_continuous_frozen object at 0x7f12465223d0>, 'subsample': np.float64(0.7970070775275455), 'subsample_freq': 1}",,,,,,,,43,,,,,,,
0,8182,0.0049111366271972655,0.00015880921064980128,0.0,0.0,0.9815714308010349,0.19297287804408972,5,41,10000,38,0.3307503046705137,2.15829490050647,<scipy.stats._distn_infrastructure.rv_continuous_frozen object at 0x7f12465223d0>,0.9854479908357011,1,"{'colsample_bytree': np.float64(0.9815714308010349), 'learning_rate': np.float64(0.19297287804408972), 'max_depth': 5, 'min_child_samples': 41, 'n_estimators': 10000, 'num_leaves': 38, 'reg_alpha': np.float64(0.3307503046705137), 'reg_lambda': np.float64(2.15829490050647), 'scale_pos_weight': <scipy.stats._distn_infrastructure.rv_continuous_frozen object at 0x7f12465223d0>, 'subsample': np.float64(0.9854479908357011), 'subsample_freq': 1}",,,,,,,,43,,,,,,,
0,8182,0.005173349380493164,0.0006548402037370354,0.0,0.0,0.9240453578716723,0.18341446371602077,7,64,10000,149,0.5015162946871996,2.8948855369003255,<scipy.stats._distn_infrastructure.rv_continuous_frozen object at 0x7f12465223d0>,0.628376366799971,1,"{'colsample_bytree': np.float64(0.9240453578716723), 'learning_rate': np.float64(0.18341446371602077), 'max_depth': 7, 'min_child_samples': 64, 'n_estimators': 10000, 'num_leaves': 149, 'reg_alpha': np.float64(0.5015162946871996), 'reg_lambda': np.float64(2.8948855369003255), 'scale_pos_weight': <scipy.stats._distn_infrastructure.rv_continuous_frozen object at 0x7f12465223d0>, 'subsample': np.float64(0.628376366799971), 'subsample_freq': 1}",,,,,,,,43,,,,,,,
0,8182,0.004527425765991211,8.91427395438541e-05,0.0,0.0,0.7587135308855554,0.020153706207879388,5,91,10000,157,0.375582952639944,0.781945819522607,<scipy.stats._distn_infrastructure.rv_continuous_frozen object at 0x7f12465223d0>,0.8688104541180797,1,"{'colsample_bytree': np.float64(0.7587135308855554), 'learning_rate': np.float64(0.020153706207879388), 'max_depth': 5, 'min_child_samples': 91, 'n_estimators': 10000, 'num_leaves': 157, 'reg_alpha': np.float64(0.375582952639944), 'reg_lambda': np.float64(0.781945819522607), 'scale_pos_weight': <scipy.stats._distn_infrastructure.rv_continuous_frozen object at 0x7f12465223d0>, 'subsample': np.float64(0.8688104541180797), 'subsample_freq': 1}",,,,,,,,43,,,,,,,
